1,ああ言えばこう言う（ああいえばこういう）,相手の言うことを素直に聞かず、理屈をつけて反論すること。
2,会うは別れの始め（あうはわかれのはじめ）,出会ったときから別れは始まっているという意味で、会った人とは必ずいつか別れるものだということ。人生の無常を表している言葉。
3,青菜に塩（あおなにしお）,青菜に塩を振り掛けると萎れてしまうことから転じて、人が、元気を失って萎れたようになっていることを表わす。
4,青は藍より出でて藍より青し（あおはあいよりいでてあいよりあおし）,教えを受けた者が教えた人よりも優れること。弟子の方が師匠よりも優れること。
5,秋の扇（あきのおうぎ）,夏を過ぎて顧みられなくなった扇を我が身の境遇に喩えた言葉。男の愛を失った女性のこと。
6,秋の日は釣瓶落とし（あきのひはつるべおとし）,秋の夕日は沈み始めるとたちまち落ちるということを、釣瓶落としに喩えた言葉。
7,悪事千里を走る（あくじせんりをはしる）,悪い行ないや悪い評判、悪い噂はたちまち世間に知れ渡る。
8,麻の中の蓬（あさのなかのよもぎ）,麻のように真っ直ぐなものの中に混じって生えれば、蓬も自然に曲がらずに伸びるということ。善良な人と交わっていれば、感化されて、自然に善人になるということの喩え。「蓬」は曲がったものや捻じれたものを比喩する。
9,頭の上の蝿も追えぬ（あたまのうえのはえもおえぬ）,自分一人の始末もできない者のことを指して言う｡
10,悪貨は良貨を駆逐する（あっかはりょうかをくちくする）,質の悪い人間が蔓延（はびこ）って、優れた人間が姿を消すということ。悪が栄え善が滅びるということ｡　トマス・グレシャムの言葉から。
11,圧巻（あっかん）,１．他を圧倒するほど優れた詩文｡２． 書物や催し物で、一番優れた部分・箇所｡　例：「ラストシーンが圧巻だった」
12,羹に懲りて膾を吹く（あつものにこりてなますをふく）,熱かった吸い物に懲りて、ついつい膾や韲物（あえもの）のような冷たい料理も吹いて冷ますということから、一度しでかした失敗に懲りて、必要以上の用心をすること。
13,後足で砂を掛ける（あとあしですなをかける）,犬や猫は糞をしたあと後足で砂を掛けるような動作をするが、犬猫のそういう動作のように、面倒を見てくれた人の恩義を裏切るだけでなく、別れ際に更に迷惑を掛けて不快感を与えるというようなことをする。
14,後の祭り（あとのまつり）,祭りが済んだ後の山車（だし）という意味から、適当な時機が過ぎてしまえば最早なんの役にも立たないもののこと。やってしまった後に悔いること。
15,痘痕もえくぼ（あばたもえくぼ）,1. 好きになると相手の痘痕でも靨（えくぼ）のように見えるものだ。惚れていると、相手の欠点も長所のように見えるものである。2. 贔屓目で見れば、醜いものも美しく見えるものである。
16,危ない橋を渡る（あぶないはしをわたる）,危険な道を選んで進む。危険な手段を用いてことをなす。危険すれすれのことをする。
17,虻蜂取らず（あぶはちとらず）,虻と蜂の両方を捕らえようと欲張ったばかりにどちらも捕れなかったという意味から、余り欲張ると却って何一つ手に入れることができないということの喩え。
18,雨垂れ石を穿つ（あまだれいしをうがつ）,一定の場所に落ちる雨だれは、長い間に下にある石に穴を穿つという意味から、小さな力でも根気よく続ければ成功することの喩え。
19,網呑舟の魚を漏らす（あみどんしゅうのうおをもらす）,呑舟の魚とは、船を呑むほど大きな魚のことで、善悪ともに､大人物・大物の喩え｡網の目が粗いために舟を呑むほどの大魚までも逃がすということ。法の規定が大まかなため、大罪人を逃がしてしまうということ。
20,雨降って地固まる（あめふってじかたまる）,雨の降った後は以前にもまして地面が堅固になるということから、変事の後は、却って事態が落ち着いて、基礎が固まる、或いは、以前より良い状態になるということ。
21,鮑の片思い（あわびのかたおもい）,鮑の殻は二枚貝の片側だけのように見え、いつももう片方の貝を求めているということから、一方からだけ恋い慕うこと。片思い。「磯の鮑の片思い」と言われることもある。
22,鞍上人なく鞍下馬なし（あんじょうひとなくあんかうまなし）,鞍上の人と鞍下の馬とが一体となったように見えるということ。馬を巧みに乗りこなす様子を表した言葉。
23,石が流れて木の葉が沈む（いしがながれてこのはがしずむ）,ものごとが道理とは逆になっていること。
24,石に漱ぎ流れに枕す（いしにくちすすぎながれにまくらす）,負け惜しみが強く、自分の誤りに屁理屈を付けて言い逃れる。夏目金之助のの筆名「漱石」はここから。また、「流石（さすが）」もここから。
25,石の上にも三年（いしのうえにもさんねん）,冷たい石の上でも三年座り続ければ温まるという意味から、たとえ辛くても、耐えていれば、やがて報われるということ。
26,石橋を叩いて渡る（いしばしをたたいてわたる）,堅固そうに見える石橋でも、叩いてその堅固さを確かめてから渡るということ。1. 用心の上にも用心することの喩え。2. 過剰に用心することを嘲って言う言葉。　例：「あいつは石橋を叩いたって渡りゃしない」
27,医者の不養生（いしゃのふようじょう）,患者に摂生を薦める立場の医者が自分では意外に不摂生なことをしているという意味で､一般に、他人には立派なことを教えておきながら実行が伴っていないこと。
28,交喙の嘴（いすかのはし）,交喙の上下の嘴（くちばし）が左右に食い違っていて合わないところから、ものごとが食い違って思うようにならないこと。
29,いずれ菖蒲か杜若（いずれあやめかかきつばた）,どちらも優れていて選ぶことがむずかしいさま。
30,急がば回れ（いそがばまわれ）,危険な近道をするよりも、遠回りでも安全確実な道を歩いた方が結局は目的地に早く着ける。遠回りに思えても安全な手段を取った方が得策であるということ。
31,鼬の最後っ屁（いたちのさいごっぺ）,１．鼬が敵に追われた時、悪臭を放って難を逃れること。２．転じて、切羽詰まったとき非常手段を用いること。また、最後の最後に醜態を演じること。
32,鼬の道切り（いたちのみちきり）,１．鼬の通路を遮断すること。２．鼬が目の前の道を横切ること。３．往来、交際、音信などの絶えることを喩えて使う。鼬は決まった道だけを通る習性であるが、通路を遮断されると同じ通路を二度と通らないという俗説から。または、鼬が道を横切ると凶事が起こるという迷信から。
33,一言以って之を蔽う（いちごんもってこれをおおう）,たった一言で全体の意味を言い尽くす。また、その言葉。
34,一事が万事（いちじがばんじ）,一つの事を見るだけで、他のすべての事が想像できる。また、一つの小事を見ても、ひいては万事その調子になるだろうということ。
35,一字千金（いちじせんきん）,1. 詩文の表現や筆跡などを尊重して言う言葉で､一文字だけで千金もの価値があること。 2. 師の恩情が厚いことの喩え。
36,一難去ってまた一難（いちなんさってまたいちなん）,災難や危機が次々と襲ってくること。
37,一葉落ちて天下の秋を知る（いちようおちててんかのあきをしる）,桐の葉が一枚落ちるのを見て秋が来たのを知るという意味で、僅かな現象を見て、その大勢や将来を予知することの喩え。
38,一挙両得（いっきょりょうとく）,一つの行動によって、同時に二つの利益を収めること。
39,一刻千金（いっこくせんきん）,僅かな時間が千金にも値すること。大切な時や楽しい時が過ぎ易いのを惜しむときなどに使う。
40,一刻千秋（いっこくせんしゅう）,時間の経つのが非常に長く思われること。
41,一将功成りて万骨枯る（いっしょうこうなりてばんこつかる）,一人の将軍が輝かしい功名を立てた陰には、戦場に屍を晒す多くの兵士の犠牲があった筈である。功名を徒に指導者だけのものとするものではないということ。
42,一寸先は闇（いっすんさきはやみ）,行く道の一寸先には何が転がっているか分からない。将来のことは予測できない。
43,一寸の光陰軽んずべからず（いっすんのこういんかるんずべからず）,僅かな時間も無駄にしてはいけない。
44,一寸の虫にも五分の魂（いっすんのむしにもごぶのたましい）,どんなに小さく弱い者でも、それ相応な思慮や意地を持っているものだということ。小さくても、侮れないということ。
45,一斑を以って全豹を卜す（いっぱんをもってぜんぴょうをぼくす）,豹の皮のまだら模様の一部を見て豹であることを認識するということから、ものごとの一部を見て、全体を推し量ること。
46,鷸蚌の争い（いつぼうのあらそい）,無益な争いをしていると、第三者に乗ぜられて共倒れになる。小国間の無益な争いへの戒め。
47,乙夜の覧（いつやのらん）,昔の中国で、立派な天子は２２時頃から読書を始めたというところから、天子が書物を御覧になること。
48,犬と猿（いぬとさる）,犬と猿のようないがみ合う間柄。お互い性分が合わない仲である。
49,犬の遠吠え（いぬのとおぼえ）,臆病者が陰で空威張りしたり、他人の陰口を叩いたりすること。
50,犬も歩けば棒に当たる（いぬもあるけばぼうにあたる）,物事をしようとする者は、それだけに災難に逢うことも多いものだ。
51,命あっての物種（いのちあってのものだね）,何事も命があってこそ成し得るのである。命がなくなればお終いだということ。「物種」は、ものの元となるもの。
52,井の中の蛙大海を知らず（いのなかのかわずたいかいをしらず）,自分の狭い知識や見解に囚われ、他に広い世界があることを知らないで、得々と振る舞っている者のことを蛙に喩えた言葉。
53,衣鉢を伝う（いはつをつたう）,師から弟子へその奥義を伝える。
54,韋編三度絶つ（いへんみたびたつ）,書物を何度も読むこと。書物を熟読することの喩え。
55,鰯の頭も信心から（いわしのあたまもしんじんから）,鰯の頭のように詰まらないものでも、それを信仰する人には尊く思われるということから、信仰心は不思議な力を持つものだということ。また、頑迷に信じ込んでいる人を揶揄して言う。
56,言わぬが花（いわぬがはな）,口に出して言わない方が差し障りもなくて良い。また、そういう奥床しさが粋である。
57,殷鑑遠からず（いんかんとおからず）,戒めとすべき失敗の前例は、昔の文献に因らなくとも、手近なところにあるものだ。
58,魚心あれば水心（うおごころあればみずごころ）,魚に水と親しむ心があれば、水もそれに応じる心を持つという意味で、相手が自分に対して好意を持てば、自分も相手に好意を持つ用意があるということ。
59,牛に引かれて善光寺参り（うしにひかれてぜんこうじまいり）,思い掛けないことが縁で、また、自身の発意ではなくて偶然、良い結果に導かれること。
60,牛は牛連れ（うしはうしづれ）,同類のもの、似たもの同士は自ら集まるということ。また、身分相応の者が集まれば巧くゆくものだということ。
61,氏より育ち（うじよりそだち）,家柄や身分の良さよりも、環境や教育などの方が、人間を作り上げるのには大切である。
62,牛を馬に乗り換える（うしをうまにのりかえる）,劣った方を捨てて、優れた方に乗り換えること。好都合な方に便乗すること。
63,嘘から出た実（うそからでたまこと）,初めは嘘のつもりであったことが、結果として本当になってしまうこと。思いも寄らず良いことが実現したときなどに言う。
64,嘘つきは泥棒のはじまり（うそつきはどろぼうのはじまり）,平気で嘘を言う人は、そのうち平気で人のものを盗んだりするような人になるということ。嘘はいけません。
65,嘘も方便（うそもほうべん）,時と場合によっては、嘘も手段として必要である。
66,独活の大木（うどのたいぼく）,図体ばかり大きいが、愚鈍で、ものの役に立たない者のこと。
67,鵜の真似をする烏（うのまねをするからす）,烏が、姿の似ている鵜の真似をして水に入り、溺れてしまうという意味から、自分の能力、身の程を顧みないで人の真似をする者。また、そのような真似をして失敗する者のこと。
68,鵜の目鷹の目（うのめたかのめ）,鵜が魚を漁り、鷹が鳥を求める時の目付きのように、鋭く物を捜し出そうとする目付き。
69,馬の耳に念仏（うまのみみにねんぶつ）,馬は、念仏を聞かせてもまったく気に留めない。そのように、他人の話が耳に入っても全然心を動かさないこと。１．上の空で、人の忠告に従う気がないこと。２．無知なために、高尚なことを聞いても、一向に理解できないこと。３．自分の利益にならないことなので関心を示さないこと。
70,売り言葉に買い言葉（うりことばにかいことば）,相手の暴言を受けて、それに相当する言葉を返すこと。悪口に悪口で言い返すこと。
71,瓜の蔓に茄子は生らぬ（うりのつるになすびはならぬ）,ある原因からは、それ相当の結果しか生じない。子は親に似るもので、平凡な親から非凡な子が生まれる道理はない。
72,噂をすれば影が射す（うわさをすればかげがさす）,誰かの噂をすると、えてして当人がそこへ偶然やってくるものだ。主に、気安く誰かの悪口を言うものではないという戒めの意味を込めて使う。
73,雲泥の差（うんでいのさ）,二つのものが、天と地ほども隔たっているということ。非常に大きな違い。
74,易簀（えきさく）,学徳の高い人や賢人が死ぬことを敬って言う言葉。
75,得手に帆を揚げる（えてにほをあげる）,得意とすることを発揮する好機が到来し、勇んでことに当たる。また、待ってましたとばかり調子に乗る。略して「得手に帆（帆柱）」とも。
76,江戸の仇を長崎で討つ（えどのかたきをながさきでうつ）,1. 江戸と長崎とはとても離れているところから、意外な場所で、昔の恨みの仕返しをすること。2. 筋違いな事で、仕返しをすること。
77,蝦で鯛を釣る（えびでたいをつる）,僅かな元手で多くの利益を得ること。また、僅かな贈り物をして多大の返礼を受けること。略して「えびで鯛」とも。
78,遠交近攻（えんこうきんこう）,遠方の国と親しくして、近い国を攻め取る外交政策で、中国の戦国時代に范雎（はんしょ）が唱えた。秦（しん）がこれを取り入れた。
79,猿猴月を取る（えんこうつきをとる）,できないことをしようとして、失敗すること。身の程知らずの望みを持ったばかりに、却って失敗すること。
80,燕雀安んぞ鴻鵠の志を知らん（えんじゃくいずくんぞこうこくのこころざしをしらん）,燕や雀のような小鳥に、菱食（ひしくい）や鵠（くぐい）のような大きな鳥のことが分かろうか。つまり、小人物には、大人物の大志を悟ることなどできはしないということ。
81,偃鼠河に飲めども腹を満たすに過ぎず（えんそかわにのめどもはらをみたすにはすぎず）,溝鼠（どぶねずみ）が川で水を飲んでも腹一杯より多くは飲めない。人はそれぞれその分に応じて満足するのがよい。
82,縁の下の力持ち（えんのしたのちからもち）,人に知られないで、陰で苦労すること。陰で怒力すること。または、その人。
83,傍目八目（おかめはちもく）,囲碁で、第三者が局外から見ると、打っている人より八目も先を見越すという意味。局外から観察する者の方が、当事者よりものごとの真相や利害得失をはっきり見分けられるということ。
84,奥歯に物が挟まる（おくばにものがはさまる）,1. 自分の思うことをはっきりと言い出さない。言いたいことがありそうなのに、なんとなくぼかす。2. 相手に対して、何か心に引っ掛かるものが残っている。
85,驕る者久しからず（おごるものひさしからず）,栄華を窮め、勝手な振舞いをする者は、いつまでもその地位にいることはできない。
86,小田原評定（おだわらひょうじょう）,いつになっても結論が出ない会談や相談。
87,同じ穴の狢（おなじあなのむじな）,同じ穴にすんでいる狐（狸、狢）という意味。二人の人が、外見や肩書きからは別のもののようであるが、実は同類であるということ。多くは、悪人のこととして使う。また、共謀して悪事を企む者。
88,同じ釜の飯を食う（おなじかまのめしをくう）,一つの釜で炊いた御飯を共に食べる間柄という意味で、一緒に暮らしたり、同じ職場で働いたりした親しい仲であること。
89,鬼が出るか蛇が出るか（おにがでるかじゃがでるか）,次に起こる事態がどのようなものか予想が付かない。前途は予測不能し難いものであるということ。参考：機関（からくり）箱を胸にかけた傀儡師（人形師）の言葉から出た言葉。
90,鬼が笑う（おにがわらう）,実現性がないことや見通しがはっきりしないことを言ったときに、揶揄する言葉。　例：「来年のことを言うと鬼が笑うぞ」
91,鬼に金棒（おににかなぼう）,唯でさえ強い鬼に更に金棒を持たせるということで、元々強い者が、一層強くなること。また、似合わしいものが加わって一段と引き立つこと。　例：「君が味方してくれれば鬼に金棒だ」
92,鬼の居ぬ間の洗濯（おにのいぬまのせんたく）,主人や監督者など、気兼ねしたり恐れたりする人がいない間に、十分に寛ぐこと。また、したいことをすること。※ここでの「洗濯」は、「命の洗濯」のこと。
93,鬼の首を取ったよう（おにのくびをとったよう）,まるで鬼を討ち取ったとでもいうようにという意味で、偉業を成し遂げたと言わんばかりに得意になること。例：「鬼の首を取ったように、教師の間違いを指摘する」
94,鬼の念仏（おにのねんぶつ）,鬼のように無慈悲で冷酷な人が、表面だけ神妙に振る舞うこと。また、柄にもなく殊勝に振る舞うこと。
95,鬼の目にも涙（おにのめにもなみだ）,普段は鬼のような無慈悲な人であっても、時には情け深い心を起こして、涙を流すことがある。
96,鬼も十八番茶も出花（おにもじゅうはちばんちゃもでばな）,1. 醜い鬼も年頃になればそれなりに美しく見え、粗末な番茶も湯を注いで出したばかりは味わいが良い、という意味から、醜い者も年頃にはそれ相応に美しく見えるということ。2. 略して「鬼も十八」とも言い、年頃になれば人の世の情けを解するようになるものだの意味でも使う。現在は女性に言うが、古くは男女どちらにも言った。
97,帯に短し襷に長し（おびにみじかしたすきにながし）,帯にするには短すぎ襷にするには長すぎる紐は、結局なんの役にも立たない。ものごとが中途半端で、なんの役にも立たないということ。
98,溺れる者は藁をも掴む（おぼれるものはわらをもつかむ）,非常に困難な状況に陥ったときは、藁のような頼りになりそうもないものまで頼りにしてしまうものだ。
99,親の心子知らず（おやのこころこしらず）,親がどれほどの愛情を注ぎ、また、どれほど苦労しているか、当の子供は気付き難い。子供は親の望むような振る舞いをしないものだということ。
100,親の光は七光り（おやのひかりはななひかり）,親の社会的地位や名声が子の出世に大いに役立つこと。親の名声の恩恵を大いに受けること。
101,女賢しうて牛売り損なう（おんなさかしうてうしうりそこなう）,女は、利口なようでも大局を見通す力に乏しく、目先の欲にばかり囚われて、却って事を仕損じるものだ。※バイアスのかかった現代的でないことわざである。
102,女三人寄れば姦しい（おんなさんにんよればかしましい）,「女」という字を三つ合わせると「姦（騒がしいという意味）」という字になるところから、女はお喋りで、三人も集まれば非常にやかましいということ。
103,飼い犬に手を噛まれる（かいいぬにてをかまれる）,「飼い犬」は面倒を見てやっている者のこと。普段から特別大事にしてやっている者から、思いがけず害を加えられること。
104,会稽の恥（かいけいのはじ）,敗戦の恥辱。他人から受ける酷い辱め。
105,解語の花（かいごのはな）,「言葉を解する花」という意味で、美人のこと。楊貴妃のこと。
106,隗より始めよ（かいよりはじめよ）,1. 中国戦国時代の郭隗（かいかく）の言葉。「賢者を招きたいならば、まず自分のようなつまらない者をも優遇せよ、そうすればより優れた人材が次々と集まってくるであろう」という意味。2. 転じて、遠大な計画も、まず手近なところから着手せよということ。また、物事はまず言い出した者からやり始めるべきだという意味でも使う。
107,蛙の子は蛙（かえるのこはかえる）,なにごとも子は親に似るものだということ。子は親の進んだ道を歩むものだ。また、凡人の子はやはり凡人だというときにも使う。誉める言葉としてではなく、貶す言葉として使うことが多い。自分の子を謙遜して言うのは問題ないが、他人の子については失礼に当たるので使わない方が無難。
108,蛙の面に水（かえるのつらにみず）,蛙の顔に水を掛けてもまったく平気なことから、どんなことをされても平気でいること。何をされても応えないこと。
109,蝸牛角上の争い（かぎゅうかくじょうのあらそい）,大国ではなく、小国同士が争うこと。些細なこと、つまらぬことに拘って争うこと。
110,学問に王道なし（がくもんにおうどうなし）,学問は順序をふんで学ぶことで身につくものであり、近道して簡単に身につくような方法はない。
111,獲麟（かくりん）,1. 「春秋」が「西狩獲麟」の句で終わっているところから、絶筆。また、ものごとの終わりを意味する。2.「春秋」に筆を加えたという孔子の死から転じて、一般的に、臨終や辞世を意味する。　用例：玉葉－治承３年正月１２日「煩赤痢病、及獲麟云々」
112,華胥の国に遊ぶ（かしょのくににあそぶ）,好い気持ちで昼寝をすること。
113,臥薪嘗胆（がしんしょうたん）,仇を報いるために辛い思いをすること。目的を成し遂げるために、艱難辛苦（かんなんしんく）をすること。
114,苛政は虎よりも猛し（かせいはとらよりもたけし）,悪い政治というものは、虎の害など比べものにならないほど人民を苦しめる。
115,渇すれども盗泉の水を飲まず（かっすれどもとうせんのみずをのまず）,いくら苦しく困っていても、不正、不義に汚れることを嫌い、身を慎むこと。
116,河童の川流れ（かっぱのかわながれ）,河童でも時に水に流されることがあるというところから、その道の名人、達人と言われる人でも時には失敗することもある。
117,河童の屁（かっぱのへ）,1. その事を容易くできる、取るに足りないことだというたとえ。2. 無味乾燥なこと。気が抜けて効き目のないこと。主に、美味くないお茶のことを言う。
118,桂を折る（かつらをおる）,昔の中国の試験制度から出た言葉で、官吏登用試験に文章生（大学寮で文章道を専攻した学生）が合格すること。
119,瓜田に履を納れず（かでんにくつをいれず）,瓜畑では屈むと瓜を盗むと疑われるので、履が脱げても履き直すなという意味から、疑われ易いことはするなということ。
120,鼎の軽重を問う（かなえのけいちょうをとう）,1. 統治者を軽んじ、これを滅ぼして天下を取ろうとすること。転じて、上位の人の実力を疑って地位を覆し奪おうとすること。2. また単に、その人の価値や能力を疑うこと。
121,蟹は甲羅に似せて穴を掘る（かにはこうらににせてあなをほる）,蟹は自分の甲羅の大きさに合わせて穴を掘るものだということから、人は自分の力量や身分に応じた言動をするものだということ。また、人はそれ相応の願望を持つものだ。
122,金の切れ目が縁の切れ目（かねのきれめがえんのきれめ）,金銭面での利益がもう見込めなくなった時が人間としての付き合いも終わる時だということ。金銭で成り立っている関係は、金銭がなくなれば終わるということ。
123,金は天下の回りもの（かねはてんかのまわりもの）,金銭は一つ所にばかり留まっている訳ではない。たとえ今多くの金銭を持っていてもやがてはそれを失い、逆に今ない者にもやがては回ってくるだろうということ。
124,禍福は糾える縄の如し（かふくはあざなえるなわのごとし）,禍が福になったり、福が禍の元になったりして、この世の幸不幸は繰り返す。幸と不幸は縄をより合わせたように表裏をなすものだ。
125,壁に耳（かべにみみ）,どこで誰に聞かれているか分からないぞという戒め。密談などは、えてして漏れ易いものだということ。例：「壁に耳あり障子に目あり」
126,果報は寝て待て（かほうはねてまて）,幸運はそのうち自然とやって来るから気長に待つべきだということ。焦らないで待っていれば、良い報せはいつか必ずやって来る。
127,剃刀の刃を渡る（かみそりのはをわたる）,失敗したら大怪我をするような、危険な行動をすることの喩え。
128,亀の甲より年の功（かめのこうよりとしのこう）,「甲」を同音の「劫」にかけて言った言葉で「劫」は極めて長い時間のこと。人間にとって大切なことは年劫を経ることだ。長年の経験は尊いものである。
129,鴨が葱を背負って来る（かもがねぎをしょってくる）,鴨が葱まで背負ってわざわざやって来たのですぐに鴨鍋が食べられるという意味で、相手の行動があまりにもこちらの思惑通りで、こんな好都合はないという状況。
130,痒いところに手が届く（かゆいところにてがとどく）,細かい所まで気が付いて十分に配慮が行き届いている。
131,烏に反哺の孝あり（からすにはんぽのこうあり）,烏は親鳥に養われた恩を親鳥の口に餌をふくませて返すと言われるところから、鳥や獣でさえも育てて貰った恩に報いるものだということ。
132,画龍点睛（がりょうてんせい）,最後に大切な部分を付け加えて、ものごとを完全に仕上げること。ものごとの眼目、中心となる大切なところ。完璧なものにするための、最後の仕上げ。
133,枯れ木に花（かれきにはな）,１．枯れた筈の木に花が咲くということで、衰え果てていた筈のものが、再び栄える時を迎えること。
134,枯れ木も山の賑わい（かれきもやまのにぎわい）,枯れた木でも山に趣を添えるくらいの役には立つものである。つまらないものでも無いよりは益しである。
135,可愛い子には旅をさせよ（かわいいこにはたびをさせよ）,子供が可愛いのであれば、甘やかしてばかりではなく、逆に世の中の辛さを経験させることだ。
136,可愛さ余って憎さが百倍（かわいさあまってにくさがひゃくばい）,可愛いと思う気持ちが強ければ強いほど、一度憎いと思ってしまうと憎しみの度合いが強くなってしまうこと。
137,邯鄲の歩み（かんたんのあゆみ）,自分の本分を忘れて無闇に他人をまねたりしていると、中途半端なことになり、真似しようとしたことだけでなく、本分の方まで駄目になってしまうということ。
138,邯鄲の夢（かんたんのゆめ）,1. 「枕中記」の故事：邯鄲で盧生（ろせい）が見た栄華の夢のこと。2. 派生して、枕をして眠ること。人の世の栄枯盛衰は儚いものだということ。
139,艱難汝を玉にす（かんなんなんじをたまにす）,人は多くの苦しみや困難を経て初めて立派な人間となる。西洋のことわざ「逆境は人を賢くする」の意訳。
140,堪忍袋の緒が切れる（かんにんぶくろのおがきれる）,もうこれ以上は、我慢し続けていることができなくなる。我慢の限界を超える。
141,管鮑の交わり（かんぽうのまじわり）,深く理解し合った親密な交わり。仲睦まじい交際。
142,聞いて極楽見て地獄（きいてごくらくみてじごく）,人から聞いたのと、自分の目で実際に見たのとでは大きな相違がある。
143,奇貨居くべし（きかおくべし）,珍しい品物だから、今買っておけば後で利益を得る材料となるだろうという意味で、得難い機会が巡ってきたら逃がさず利用しなければならないということ。好機を逸してはならない。
144,雉も鳴かずば撃たれまい（きじもなかずばうたれまい）,無用な発言をしなければ、禍を招かずに済むということ。余計なことをしたばかりに、己に災害が降り懸かること。
145,疑心暗鬼（ぎしんあんき）,心に疑いを持っていると、暗闇の中に、ありもしない鬼の形を見たりするという意味で、疑う心があると、何でもないことまで、恐ろしく思えたり、疑わしく思えたりする。
146,木で鼻を扱くる（きではなをこくる）,1. 酷く無愛想に振る舞う。冷淡にあしらう。　用例：「木で鼻を括ったような応対」2. さっぱりする。　用例：俚言集覧「木で鼻をこくったやう、さっばりした事」
147,木に竹を接ぐ（きにたけをつぐ）,木に竹を接ぐように性質の違ったものを継ぎ合わせるということで、前後の辻褄が合わないこと。また、筋が通らないこと。釣り合いが取れないこと。
148,木に縁りて魚を求む（きによりてうおをもとむ）,1. 木に登って魚を捕ろうとするようなものだということで、間違った手段を取っては何かを得ようとしても得られないということ。方法を誤ると何も達成できないということ。2. 見当違いで困難な望みを持つこと。
149,昨日は人の身今日は我が身（きのうはひとのみきょうはわがみ）,運命、人事の変遷や災難は予測できないもので、昨日他人に起こったことが今日自分に降り掛からぬという保証はない。他人の不幸を自分の戒めとせよということ。
150,木の実は本へ落つ（きのみはもとへおつ）,木に成った実はその木の根元に落ちるという意味で、物事は全てその元へ帰るものだということ。
151,気は心（きはこころ）,1. 全部でなく僅かでも、気が済むようにすれば、気が休まるものだということ。2. 量や額は僅かでも、真心が篭もっていること。誠意の一端を示すこと。贈物などをする時に用いる。
152,杞憂（きゆう）,必要のないことをあれこれ心配すること。必要以上に心配すること。例：「杞憂を抱く」「杞憂に終わる」
153,九死に一生を得る（きゅうしにいっしょうをえる）,殆ど死ぬかと思われたような危険な状態を脱して、辛うじて命が助かる。奇跡的に生き伸びる。
154,牛耳を執る（ぎゅうじをとる）,同盟の盟主となること。また、転じて団体や党派などを左右する中心人物となること。会合などの成り行きを支配すること。
155,窮すれば通ず（きゅうすればつうず）,行き詰まってどうにもならないところまで来てみると、ひょんな切っ掛けで、案外打開の道が見付かるものだ。
156,窮鼠猫を噛む（きゅうそねこをかむ）,弱い者でも絶体絶命の立場に追い詰められると、往々にして強者に反撃するものだ。必死の覚悟を決めれば、弱者でも強者を苦しめることがある。
157,器用貧乏（きようびんぼう）,一通りのことを上手にできるせいで、却って一つの事に集中できずに終わること。色々の事を一応は巧くこなすため、却って大成しない人。
158,渠成って水至る（きょなってみずいたる）,「渠」は溝のこと。掘り割りができると水は自然に流れてくる。ものにはそれぞれ順序や段取りがあるということ。
159,漁夫の利（ぎょふのり）,当事者同士が争っている間に、第三者がまんまと利益を横取りすること。
160,麒麟も老いては駑馬に劣る（きりんもおいてはどばにおとる）,優れた人物も、年老いてしまったら、その働きや能力が普通の人（凡人）にも及ばないようになる。
161,金時の火事見舞い（きんときのかじみまい）,元々顔の赤い金時（金太郎）が火事見舞いに行ったら、益々顔が赤くなるというところから、顔が非常に赤いことの喩え。主に、酒を飲んで赤くなった顔などを指す。例：「ビール一杯で金時の火事見舞いになる」
162,臭いものに蓋をする（くさいものにふたをする）,失敗や醜聞・悪事などが外部に洩れないように、安易で、しかも一時凌ぎの手段を取ること。
163,腐っても鯛（くさってもたい）,腐っても鯛は鯛で、やはり他の魚と違う品格がある。本当に優れたものは、傷んで駄目になったようでも、なお、その値打ちを保つものだ。
164,薬も過ぎれば毒となる（くすりもすぎればどくとなる）,どんなに良いことであったとしても、程度を間違えると害になってしまうということ。
165,糞も味噌も一緒（くそもみそもいっしょ）,善悪美醜の区別がないこと。清いものと汚いものを区別をしないで、一緒に扱うこと。
166,口は禍の元（くちはわざわいのもと）,うっかり言った言葉が後の災難を招くとうこと。言葉は慎しむべきであるという戒め。
167,唇亡びて歯寒し（くちびるほろびてはさむし）,互いに助け合う関係にある一方が滅びると、他の一方の存在まで危うくなる。
168,口も八丁手も八丁（くちもはっちょうてもはっちょう）,喋ることも、何かすることも、非常に達者であること。8つの道具（八丁）を使いこなすほど達者である例えに由来。
169,国破れて山河あり（くにやぶれてさんがあり）,戦乱のために、国は滅びて元の姿はなくなってしまったが、山や川だけは昔のままの姿を残しているということ。
170,蜘蛛の子を散らす（くものこをちらす）,蜘蛛の子が入っている袋を破ると、子蜘蛛が四方八方に散るところから、大勢の人間が散り散りに逃げ惑う様子。
171,暗がりから牛（くらがりからうし）,1. 暗いところに、黒い牛がいるのは矢鱈に黒いばかりで、何が何やらはっきりしない。ものの区別がはっきり付かないこと。 2. 動作が鈍くて、はきはきしていない人のこと。
172,苦しいときの神頼み（くるしいときのかみだのみ）,普段は神仏を信じない者が、苦境に陥った時だけ神仏に祈って助けを求めること。
173,君子危うきに近寄らず（くんしあやうきにちかよらず）,人格者は身を慎む者であるから、危険な所には初めから近付かない。
174,君子は豹変する（くんしはひょうへんする）,人格者は、過ちを改めてから善に移るその移り方が極めてはっきりしている。君子は過ちを直ちに改める。君子は時代に応じて自己を変革する。豹の毛は、季節の変わり目に抜け変わり、斑紋が美しくなるところから豹変と言われる。
175,葷酒山門に入るを許さず（くんしゅさんもんにいるをゆるさず）,禅寺の門の脇の戒壇石（かいだんせき）に刻まれる句。「不許葷酒入山門」とあり、臭いが強い野菜（＝葱（ねぎ）、韮（にら）、大蒜（にんにく）など）は他人を苦しめると共に自分の修行を妨げ、酒は心を乱すので、これらを口にした者は清浄な寺内に立ち入ることを許さないということ。
176,群盲象を評す（ぐんもうぞうをひょうす）,多くの盲人が象を撫でてみて、その手に触れた範疇内で象のことを云々するということで、凡人には大人物や大事業の一部分しか掴めず、大局からの見方はできないということ。
177,挂冠（けいかん）,冠を脱いで柱などに掛けるという意味で、官職を辞めること。辞職すること。
178,鶏群の一鶴（けいぐんのいっかく）,たくさんの凡人の中に、優れている人が１人だけ混じっていること。
179,鶏口となるも牛後となる勿れ（けいこうとなるもぎゅうごとなるなかれ）,大きな団体の属員になるより、小さな団体でも、その頭になる方が良い。
180,芸術は長く人生は短し（げいじゅつはながくじんせいはみじかし）,人間の命は短いが、優れた芸術作品は作者が死んだ後も、長くその名声や評判を残す。
181,蛍雪（けいせつ）,苦労して勉強すること。苦心して学問をすること。
182,兄たり難く弟たり難し（けいたりがたくていなりがたし）,力量などが殆ど同じで、二人のうちどちらを上とも下とも決め難い。
183,鶏鳴狗盗（けいめいくとう）,1. 鶏の鳴き真似をして人を騙したり、犬のように物を盗んだりする、卑しい者どものこと。2. 「史記」の故事から、どんな下らない技能でも、役に立つことがあるということ。
184,怪我の功名（けがのこうみょう）,当初は過失や災難と思われたことが、思い掛けなく好結果をもたらすこと。また、なにげなくしたことが、偶然にも好結果となること。
185,逆鱗（げきりん）,1. ここでの鱗は竜の鱗で、竜は天子を意味する。天子や帝王が怒ること。天皇の怒り。 用例：兵範記－保元３年４月２１日「竜顔逆鱗之至」 2. 激しく怒ること。普通、目上の人が目下の者を怒る場合に用いる。 例：「創業者の逆鱗に触れて降格させられた」
186,月下氷人（げっかひょうじん）,媒酌人、仲人のこと。「月下老人」と「氷人」との結合した語。
187,毛を吹いて疵を求める（けをふいてきずをもとめる）,1. 毛を吹き分けて頭皮の傷を探し出すという意味で、好んで人の欠点を指摘すること。2. わざと他人の弱点を暴いて、却って自分の欠点を曝け出すこと。
188,涓滴岩を穿つ（けんてきいわをうがつ）,僅かな水の滴（したた）りでも、長い間には岩に穴を明けるということから、絶えず努力していれば終には大事を成し遂げるということ。
189,恋は思案の外（こいはしあんのほか）,恋は理性や常識では律し切れない。恋の成り行きは、常識では推し量ることができない。
190,光陰矢の如し（こういんやのごとし）,月日が過ぎるのは、飛ぶ矢のように非常に早い。だから無為に送るな、という戒めの意味を含む。
191,後悔先に立たず（こうかいさきにたたず）,既にしてしまったことは、後から悔いても、もう取り返しが付かない。
192,好事魔多し（こうじまおおし）,良いことには、兎角（とかく）邪魔が入り易いものだ。
193,弘法も筆の誤まり（こうぼうもふでのあやまり）,弘法大師のような書道の名人でも書き損じをすることがある。その道に長じた人でも時には失敗を犯すことがあるという喩え。
194,弘法筆を選ばず（こうぼうふでをえらばず）,書の達人である弘法大師はそこら辺にある粗末な筆でも立派な字を書いたと言われることから、名人と呼ばれる人は道具の質を問題とせず、仕事の出来は実力によるということ。
195,高木は風に折らる（こうぼくはかぜにおらる）,高い木は風を受け易く折れ易い。それと同様に、地位や名声が高い者は、他人から妬まれて、困難に会いがちである。
196,紺屋の明後日（こうやのあさって）,紺屋の仕事は天候に支配されがちであるため、明後日になればできると言っては期日を延ばすことが多く、当てにならない。転じて、一般に約束が当てにならないことの喩え。
197,紺屋の白袴（こんやのしろばかま）,布を紺色に染めるのを仕事とする紺屋が、自分の袴も染めないで、白袴を穿いているということ。1. 他人のためにばかり忙しく、自分のことには手が回らないこと。2. いつでもできるにもかかわらず、放置しておくようなことを指摘する言葉。
198,呉越同舟（ごえつどうしゅう）,1. 呉の国の人と越の国の人が一つの船に乗り合わせるという意味で、不仲同士や敵味方が、同じ場所に居合わせること。2. 反目（はんもく）し合いながらも共通の困難や利害に対して協力し合うこと。
199,呉下の阿蒙（ごかのあもう）,「阿」は相手を親しんでいう言葉。昔ながらで進歩のない人物。学識がないつまらない者。　例：「呉下の阿蒙に非（あら）ず」
200,故郷へ錦を飾る（こきょうへにしきをかざる）,故郷を離れていた者が、立身出世して、華やかに故郷へ帰ること。
201,虎穴に入らずんば虎子を得ず（こけつにいらずんばこじをえず）,虎が住む穴に入らなければ、虎の子供を奪い取ることはできない。転じて、大変な危険を冒さなければ、望みの物を手に入れることはできない。
202,五十歩百歩（ごじゅっぽひゃっぽ）,自分と大差がないのに人の言動を笑うこと。小さな差はあるが、本質的に違いはないことの喩え。「五十歩を以って百歩を笑う」の略。
203,壺中の天地（こちゅうのてんち）,1. 俗世界とは掛け離れた別天地。2. 酒を飲んで俗世間のことを忘れる楽しみ。
204,子は三界の首枷（こはさんがいのくびかせ）,「三界」は、仏教用語で、すべての世界という意味。親は子を思う心に引かされて、一生自由を束縛される。
205,鼓腹撃壌（こふくげきじょう）,腹を叩き土を打つということで、太平を謳歌する様子を意味する。政治が行き届き人々が太平を楽しんでいる状態のこと。　例：「鼓腹撃壌の世（民）」
206,田作の歯軋り（ごまめのはぎしり）,悔しがっても、力がないためにどうしようもない。また、力量不足の者が徒（いたずら）にいきり立つこと。
207,子ゆえの闇（こゆえのやみ）,子を愛するあまり、親が理性的な判断を失うこと。
208,転ばぬ先の杖（ころばぬさきのつえ）,躓（つまづ）いて転ぶ前にあらかじめ杖を突くという意味で、事前に注意していれば失敗しないで済むということ。
209,塞翁が馬（さいおうがうま）,人生では禍がいつ福のもとになるか分からず、また福がいつ禍のもとになるか分からない。吉凶福禍の転変は測り知れず、禍も悲しむにあたらず、福も喜ぶに足りないということ。
210,先んずれば人を制す（さきんずればひとをせいす）,他人よりも先に物事を実行に移せば、有利な立場に立つことができる。先手を取ることができれば、相手を制圧することができる。
211,策士策に溺れる（さくしさくにおぼれる）,はかりごと（もくろみ）の上手な人ははかりごとを使いすぎることで、かえって失敗してしまうことになる。
212,酒は百薬の長（さけはひゃくやくのちょう）,酒は、適量を飲めば、多くの薬以上に健康のために良い。
213,左袒（さたん）,左の肩を肌脱ぎにするという意味で、味方すること。また、同意して肩を持つこと。
214,五月の鯉の吹流し（さつきのこいのふきながし）,1. 鯉幟（こいのぼり）のこと。2. 口を大きく開けていて腸（はらわた）がない鯉幟のように、腹の中がさっぱりとしていて、少しの蟠（わだかま）りもないということ。江戸っ子の気質を表わした言葉。
215,猿も木から落ちる（さるもきからおちる）,その道に精通するプロであっても、時には失敗をしてしまうこともあるという例え。
216,去る者は追わず（さるものはおわず）,自分の元から離れ去っていく人は、その人の意志に任せ、無理に引き止めない。自由意志を尊重することでかえって上手くいくことも多いことから来る言葉。
217,去る者は日々に疎し（さるものはひびにうとし）,1. 親しかった者でも、離れていると次第に交情（こうじょう）が薄くなっていくものだということ。2. 死んだ人は月日が経つにつれて、段々と忘れられていくということ。
218,触らぬ神に祟りなし（さわらぬかみにたたりなし）,関わり合わなければ、禍を招くことはない。
219,三顧の礼（さんこのれい）,目上の人が、ある人物に礼を尽くして仕事を頼むこと。また、目上の人が、ある人物を特別に信任したり、優遇したりすること。
220,三十六計逃げるに如かず（さんじゅうろっけいにげるにしかず）,1. 計略はたくさんあるが、困ったときはあれこれ考え迷うより、機を見て逃げ出し、身を安全に保つことが最上の方法である。身の安全を計って、後日の再挙を図れ、ということを教えたもの。2. 転じて、面倒なことが起こったときは、逃げるのが得策であるということ。
221,山椒は小粒でもぴりりと辛い（さんしょうはこつぶでもぴりりとからい）,山椒の実は小さいが非常に辛いことから、特に、身体は小さくても、気性や才能が非常に鋭く優れている者を指して言う。
222,三人寄れば文殊の知恵（さんにんよればもんじゅのちえ）,特別頭の良い者でなくとも三人集まって相談すれば良い案が出るということ。
223,鹿を逐う者は山を見ず（しかをおうものはやまをみず）,一つのことに熱中すると、他のことを顧みる余裕がなくなるということ。
224,鹿を指して馬と為す（しかをさしてうまとなす）,誤りを誤りと知りつつ、強引に押し通すこと。また、人を騙し愚弄すること。
225,地獄で仏に会う（じごくでほとけにあう）,非常な危難に遭ったり大変困ったりしている時に、思い掛けない助けに会うこと。
226,肉食った報い（ししくったむくい）,神の使いである鹿の肉を食った報いに罰を受けるということで、悪事をした当然の報い。
227,獅子身中の虫（しししんちゅうのむし）,1. 獅子の体内にいる虫が、その寄生している獅子の肉を食って、終には倒してしまうということ。2. 仏徒でありながら仏教に害を為す者のこと。転じて、味方でありながら内部から禍をもたらすこと。恩を受けた者に仇で報いること。
228,事実は小説よりも奇なり（じじつはしょうせつよりもきなり）,この世で実際に起きる事件や事柄は、人間が考えて作られる小説よりも不思議で、はるかに難解である。
229,獅子の子落とし（ししのこおとし）,親が自分の子供をより成長させるために、わざと子供を試練に身を置かせて能力をみがかせるさま。
230,死児の齢を数える（しじのよわいをかぞえる）,死んだ子が生きていたら今ごろは何歳になっていると嘆くように、過ぎ去ってどうにもならないことに愚痴をこぼすこと。
231,士族の商法（しぞくのしょうほう）,明治維新後、士族となった旧武士が生活のために、慣れない事業を起こして失敗したことを指す。適任でもない人が商売などをして、失敗が目に見えていること。
232,七歩の才（しちほのさい）,詩才が優れていて、詩作が早いこと。
233,死人に口なし（しにんにくちなし）,1. 死人を証人に立てようとしても不可能なことである。2. 死者が抗弁できないのを良いことに、無実の罪を着せる。
234,死馬の骨を買う（しばのほねをかう）,つまらない者をまず優遇すれば、優れた者が自ずから集まってくる。　例：「死馬の骨を五百金で買う」
235,四面楚歌（しめんそか）,敵の中に孤立して、味方がいないこと。周囲が敵または、反対者ばかりで味方がいないこと。
236,釈迦に説法（しゃかにせっぽう）,釈迦に対して仏法を説くように、知り尽くしている人にその事を教えるのは愚行である。
237,杓子定規（しゃくしじょうぎ）,昔、杓子の柄は曲がっており、定規の役には立たないことから言われた言葉。1. 誤まった基準でものを計ろうとすること。　2. あるものにしか当てはまらない規準を、無理に他にも当て嵌めようとすること。一定の基準で全てを律しようとすること。決まり切った考えや形式に囚われて、融通が利かないこと。　例：「杓子定規な処遇」
238,蛇の道は蛇（じゃのみちはへび）,同類の者は互いにその社会、またその方面のことに通じている。同類の者がすることは良く分かるということ。
239,重箱の隅を楊枝で穿る（じゅうばこのすみをようじでほじくる）,些細な点まで詮索（せんさく）すること。どうでも良いようなつまらない事柄にまで口出しして、干渉をすること。
240,守株（しゅしゅ）,1. いつまでも古い習慣を固守して、時に応じて処理する能力が乏しいこと。2. 進歩がないこと。
241,出盧（しゅつろ）,「盧」は、庵（いおり）のことで、隠遁（いんとん）の草庵のこと。世間を逃れて隠遁していた者が、再び世に出て、官職などに就いて活躍すること。
242,朱に交われば赤くなる（しゅにまじわればあかくなる）,人は交際する仲間によって人は感化されるものだ。人はその置かれた環境によって善くも悪くもなる。
243,正直の頭に神宿る（しょうじきのこうべにかみやどる）,正直な人にはいつか必ず神様の助けがある。神様は正直な人を守護し給（たま）う。
244,上知と下愚とは移らず（じょうちとかぐとはうつらず）,生まれながらの賢明さや愚かさは、境遇や環境によって左右されたり変化したりするものではない。生まれながらの賢人は常に賢く、生まれながらの愚人は常に愚かである。
245,食指が動く（しょくしがうごく）,1. 食欲が兆（きざ）すこと。 例：「とろけそうな大トロを見て食指が動いた」2. 何かをしてみたい気持ちが起こること。また、広く、ものごとに興味や関心が湧（わ）くこと。 例：「現品限りと聞いて食指が動いた」
246,知らぬが仏（しらぬがほとけ）,知れば腹も立ち、苦悩や面倒も起こるが、知らないから腹も立たず、仏のように済ました顔でいられる。転じて、当人だけが知らないで平気でいることを嘲（あざけ）っていう。
247,白羽の矢が立つ（しらはのやがたつ）,1. 多くの中から、犠牲者として選び出される。 2. 多くの中から、特に指名して選び出される。また、狙いを付けられる。
248,尻馬に乗る（しりうまにのる）,1. 他の人が乗っている馬の尻に乗る。他の人が乗っている馬の後ろに乗る。2. 節操もなく他人の言説に付和雷同する。無批判に人のすることに便乗して行動する。　類：付和雷同
249,人事を尽くして天命を待つ（じんじをつくしててんめいをまつ）,人の力でできることは全てやり尽くして、あとは運命に任せるさま。
250,水魚の交わり（すいぎょのまじわり）,水と魚の関係のように、非常に親密な友情や交際を喩えていう言葉。
251,推敲（すいこう）,詩や文章を作るにあたって、最適な字句や表現を求めて、良く練ったり練り直したりすること。
252,粋は身を食う（すいはみをくう）,花柳界（かりゅうかい）などで、粋人と持て囃（はや）されたりしていると、遊興に深入りし過ぎて、最後には身を滅ぼすことになる。
253,酸いも甘いも噛み分けた（すいもあまいもかみわけた）,人生経験を十分積んでいて、世間の微妙な事情や人情の機微（きび）に通じ、分別（ふんべつ）がある。世の中の裏も表も知っている。現代では「酸いも甘いも知っている」という使われ方も一般的。
254,据膳食わぬは男の恥（すえぜんくわぬはおとこのはじ）,女性から情事を挑んできたら、男性はその誘いに応ずるのが当然だ。また、応じないようでは男の恥だ。
255,好きこそ物の上手なれ（すきこそもののじょうずなれ）,何事によらず、好きならばそれを熱心にやるから、上達するものだ。
256,過ぎたるは及ばざるが如し（すぎたるはおよばざるがごとし）,物事にはちょうど良い加減というものがあり、それを超えることは足りないことと同じで問題となる。
257,杜撰（ずさん）,1. 詩文などで、典拠が正確でないことを述べること。誤まりが多い著作。 2. 誤まりが多く、好い加減なこと。ぞんざいで手落ちが多いこと。 例：「杜撰な工事」
258,雀の涙（すずめのなみだ）,ごく僅（わず）かなものの喩え。非常に少ないこと。 例：「雀の涙ほどの退職金」
259,雀百まで踊り忘れず（すずめひゃくまでおどりわすれず）,雀は死ぬまで飛び跳ねる癖が抜けないように、幼い時に身に付いた習慣（特に道楽の類）は、年を取っても直らないということ。
260,住めば都（すめばみやこ）,寂しい不便な場所でも住み慣れてしまえば、そこが一番住みやすいと思うようになること。
261,青眼（せいがん）,自分が好ましいと思う人を迎える時の、嬉しい心が現れた目元。訪れた人を歓迎する目付き。
262,精神一到何事か成らざらん（せいしんいっとうなにごとかならざらん）,精神を集中して物事に当たれば、どんな難事でもできないことはない。
263,噬臍（ぜいせい）,後悔すること。悔いること。「噬」は噛むこと。例：「噬臍の悔い」
264,清濁併せ呑む（せいだくあわせのむ）,広いオープンな心を持って、良い人も悪人も区別せずに付き合い、受け入れること。
265,清談（せいだん）,1. 中国の魏晋南北朝時代の知識人の間に流行した、老荘および易に関する虚無的・超世俗的論議。不安定な政情の下（もと）で、権力者から身を守るため、抽象的な形而上学（けいじじょうがく）の議論に逃避したもの。代表的なものとして「竹林の七賢」がある。　★後漢の党錮（とうこ）の禁（１６６年～）に、高節の士が多く横死して以来、達識の士が山林に隠遁し、礼節の束縛を棄て、琴を弾じ酒に耽り、老荘の空理を談じ、放逸を事としたことを指す。
266,青天の霹靂（せいてんのへきれき）,青く晴れた空に突然に起こる雷という意味で、思い掛けず起こる突発的事変。突然の大事件。
267,積善の家に余慶あり（せきぜんのいえによけいあり）,善行を積み重ねた家には、必ず思い掛けない良い事が起こり、幸福になる。また、子孫にまで慶事が起こるものである。
268,折角（せっかく）,1. 高慢な者の鼻をへし折ること。慢心を打ち砕くこと。2. 力を尽くすべき大事なこと。気を付けなければならないこと。　用例：風姿花伝－七「三日の中に、殊にせっかくの日と覚しからん時」3. 困難に遭うこと。また、その困難。　用例：日葡辞書「ナンギ、セッカクニワウ」4. 一方（ひとかた）ならない苦労をすること。死力を尽くすこと。　類：●骨折り　用例：保元－上「大小の合戦数をしらず、中にもせっかくの合戦、二十余ヶ度なり」5. 頭巾の一方の角を曲げること。
269,折檻（せっかん）,厳しく意見すること。厳しく叱ること。後の戒（いまし）めのため、叩くなどして懲らしめること。転じて、責め苛（さいな）むこと。　例：「息子を折檻する」
270,背に腹は替えられぬ（せにはらはかえられぬ）,大切なことのためには、他のことを顧（かえり）みる余裕などないということ。差し迫った大きな苦痛を避けるためには、小さな苦痛や多少の犠牲は止むを得ない。
271,前車の覆るは後車の戒め（ぜんしゃのくつがえるはこうしゃのいましめ）,前に進む者の失敗は、後から来る者にとって戒めとなるということ。昔の人の失敗は、後の人の戒めになるということ。
272,前車の轍（ぜんしゃのてつ）,前を行った車の轍（わだち）の跡。転じて、前の人の失敗。また、後の人の戒めとなるような言動。＊主に、「前車の轍を踏む」として、前の人と同じ失敗をすることを表わす。「前車の覆轍は後車の戒め
273,栴檀は二葉より芳し（せんだんはふたばよりかんばし）,白檀（びゃくだん）は発芽したばかりの二葉の頃から早くも良い香りを放つ。そのように、英雄や俊才のような大成する人は幼い時分から、人並み外れて優れたところがあるものだということ。
274,船頭多くして船山に登る（せんどうおおくしてふねやまにのぼる）,指図（さしず）する人が多過ぎると、却（かえ）って統制が取れず、とんでもない方向にものごとが進んでいくものだということ。
275,善は急げ（ぜんはいそげ）,善いことをするのに躊躇（ちゅうちょ）するなということ。善事は機会を逃がさずに、直ちに実行せよ。
276,滄海の一粟（そうかいのいちぞく）,1. 大海に浮かんでいる一粒の粟。広大なものの中の極めて小さい存在の喩え。2. 宇宙の中における人間の存在。その儚（はかな）さの喩え。
277,喪家の狗（そうかのいぬ）,1. 喪中（もちゅう）の家の飼い犬。悲しみのために、餌を食べさせて貰えず、痩せ衰えた犬。一説に、宿なしの犬。2. 転じて、見る影もなく窶（やつ）れて元気がない人。
278,宋襄の仁（そうじょうのじん）,無益の情（なさ）け。時宜（じぎ）を外れた、役に立たない憐（あわ）れみ。
279,総領の甚六（そうりょうのじんろく）,長子は次子以下に比べておっとりしている。長男または長女は、大事に育てられるので、弟や妹に比べるとお人好しで愚鈍だということ。
280,俎上の魚（そじょうのうお）,俎（まないた）の上に据えられ料理されるのを待つばかりの魚という意味で、相手の成すがままになるより仕方のない状態。また、運命が尽きた者の喩え。
281,袖振り合うも多生の縁（そでふりあうもたしょうのえん）,見知らぬ人と袖が触れ合う程度の些細なことも、（または振り合うような間柄も、）前世からの因縁に依（よ）るものである。どんな小さな事、ちょっとした人との交渉も、全て深い宿縁に基づくものである。
282,大海は芥を択ばず（たいかいはあくたをえらばず）,大人物は度量が大きくて、分け隔てなく人を受け容れる。
283,大疑は大悟の基（たいぎはたいごのもと）,大いに疑問を起こすことは、やがて大いに悟（さと）る基になるということ。疑問を持たなければ悟りは得られない。
284,大器晩成（たいきばんせい）,鐘や鼎（かなえ）のような大きな器物は早く作り上げることができない。同様に、真の大人物は、発育は遅いけれども時間を懸けて実力を養っていって、後に大成するということ。
285,大賢は愚なるが如し（たいけんはぐなるがごとし）,非常に賢い人は、知識をひけらかさないから、ちょっと見たところでは愚かな人のように見える。
286,太公望（たいこうぼう）,太公望の釣りに関する故事から、釣りをする人。釣り好きの人。
287,大山鳴動して鼠一匹（たいざんめいどうしてねずみいっぴき）,前触れの騒ぎばかりが大きくて、結果は大したことがないことの喩え。
288,大事の前の小事（だいじのまえのしょうじ）,1. 大事を行なう前は、どんな小事にも油断をしてはいけない。2. 大事の前には、小事を犠牲にしても止むを得ない。大事を行なう前は、些細（ささい）なことには構わない方が良い。
289,鯛の尾より鰯の頭（たいのおよりいわしのあたま）,大きな団体で低い地位に甘んじているよりも、小さな団体でも、その長となることの方が良いということ。
290,大は小を兼ねる（だいはしょうをかねる）,大きいものは小さいものの代わりとしても使うことができることを指す。
291,大勇は闘わず（たいゆうはたたかわず）,真に勇気がある人は、無闇（むやみ）に人と争わないものである。
292,大欲は無欲に似たり（たいよくはむよくににたり）,1. 大きな望みを持つ者は、小さな利益に目もくれないから、外見は無欲のように見える。2. 欲の深い者は、欲のために却（かえ）って損をしがちで、結局は無欲の者と同じ結果になる。また、大欲を抱き目的を達成したとしても、その結果を有効に用いなければ、結果として小欲と同じであるということ。
293,宝の持ち腐れ（たからのもちぐされ）,役に立つ物を持ちながら利用しないこと。また、優れた才能がありながら発揮しないこと。
294,多岐亡羊（たきぼうよう）,1. 枝道が多いため逃げた羊を見失うという意味で、学問の道があまりに色々に分かれているため、容易に真理を得難（がた）いこと。2. 転じて、方針があまりに多いために、どれを選んだら良いのか思案に余ること。
295,多芸は無芸（たげいはむげい）,多芸であることは、一つの芸に深く通じることができ難（にく）いから、結局無芸に等しいということ。
296,竹屋の火事（たけやのかじ）,竹が火で弾けるポンポンという音から、怒ってぽんぽん言うこと。ずけずけと言いたい放題（ほうだい）に言うこと。
297,竹薮に矢を射る（たけやぶにやをいる）,竹が火で弾けるポンポンという音から、怒ってぽんぽん言うこと。ずけずけと言いたい放題（ほうだい）に言うこと。
298,他山の石（たざんのいし）,自分の石を研（みが）くのに役に立つ他の山の石という意味から転じて、自分の人格を磨（みが）く助けとなる他人の言行。自分にとって戒（いまし）めとなる他人の誤まった言行。
299,多勢に無勢（たぜいにぶぜい）,敵が大軍であるのに対して、当方が寡兵（かへい）であること。少数の力では、大勢の力にはどうしても敵（かな）わないということ。
300,蛇足（だそく）,1. 蛇（へび）の足。「じゃそく」とも。 2. あっても益がない余計なもの。なくても良い無駄（むだ）なもの。 3. 自分の付け足しの言葉を遜（へりくだ）って言う言葉。 例：「蛇足ながら申し添えます」
301,多々益々弁ず（たたますますべんず）,1. 手腕や才能にゆとりがあり、仕事が多ければ多いほど、立派にやってのける。ものごとが多いほど巧みにこなす。2. 多ければ多いほど良い。
302,畳の上の水練（たたみのうえのすいれん）,畳の上で水泳の練習をすることで、理論や方法は立派だが、実地の練習を経ていないので、実際の役には立たないこと。
303,ただより高いものは無い（ただよりたかいものはない）,ただで物をもらってしまうと、借りができたり、お礼やしたり気をつかうことになり、却って高くついてしまう。何でも欲しがることは慎むのが吉である。
304,立つ鳥跡を濁さず（たつとりあとをにごさず）,立ち去る者は、自分が居た跡を見苦しくないように、良く始末しなければならない。また、退き際が潔（いさぎよ）く綺麗であること。
305,立て板に水（たていたにみず）,1. 水の流れが速いこと。一般に、「早い」・「速い」などの比喩として使う。2. すらすらと良く喋（しゃべ）ること。弁舌が流暢（りゅうちょう）なこと。滔々（とうとう）と立て続けにものを言うこと。
306,蓼食う虫も好き好き（たでくうむしもすきずき）,辛い蓼を好んで食う虫がいるように、人の好みというものは様々で、一概には言えないものだ。
307,棚から牡丹餅（たなからぼたもち）,思いも掛けない幸運。労せずに幸運を得ることの喩え。
308,他人の疝気を頭痛に病む（たにんのせんきをずつうにやむ）,自分に直接には関係のないことに、余計な心配をすること。
309,旅の恥は掻き捨て（たびのはじはかきすて）,旅先では知った人もいないし、長く滞在する訳でもないから、恥ずかしい行ないもその場限りのものである。旅先でなら、普段ならしないような恥曝（さら）しなことも平気でするということ。
310,旅は道連れ世は情（たびはみちづれよはなさけ）,旅行をする時は道連れがあるのが何よりも心強い。同様に、世の中を渡るには、お互いに思い遣りを持つのが一番大切である。
311,卵に目鼻（たまごにめはな）,卵に目と鼻を描いたような、色白で可愛らしい顔立ち。主に、少女などの容貌を誉めて言う。
312,玉に瑕（たまにきず）,殆（ほとん）ど完全であるが、たまたま一つだけ僅（わず）かな欠点があること。また、立派なもの、善美なものにある一つの惜しい欠点。
313,短気は損気（たんきはそんき）,短気を起こすと結局は自分の損になる。
314,知音（ちいん）,1. 心の底を打ち明けて話すことができる友。心の通じ合った親友。2. 友人。知り合い。知人。3. 男と女が親しくすること。恋情を通じること。遊女の馴染み客となること。また、愛人。
315,池魚の災い（ちぎょのわざわい）,思い掛けない災難に巻き込まれること。巻き添えになること。特に、火事で類焼に遭うこと。また、火事のこと。
316,竹馬の友（ちくばのとも）,幼年時代に一緒に竹馬で遊んだ友人。幼馴染み。
317,血で血を洗う（ちでちをあらう）,1. 血で血を洗うと益々血で汚れるところから、悪事に悪事をもって対処すること。特に、殺傷（さっしょう）に対して殺傷で報復すること。2. 血族や同胞同士が相争うこと。
318,茶腹も一時（ちゃばらもいっとき）,1. 茶を飲んだだけでも、暫（しばら）くは空腹を紛（まぎ）らすことができる。 2. 本来の目的を達することはできなくても、急場を凌（しの）ぐことはできる。
319,忠言は耳に逆らう（ちゅうげんはみみにさからう）,忠告や諌（いさ）める言葉は、兎角（とかく）聞く側の感情を害すものだから、素直に聞き入れられ難（にく）い。
320,朝三暮四（ちょうさんぼし）,1. 表面的な違いにだけとらわれて、結局は同じであることに気付かないこと。2. 詐術（さじゅつ）を以って人を騙（だま）し、愚弄（ぐろう）すること。3. 転じて、命を繋（つな）ぐだけの生計・暮らし。　用例：太平記－三八「朝三暮四の資（たすけ）に心有る人もがなと」
321,提灯に釣鐘（ちょうちんにつりがね）,1. 提灯と釣鐘では、形は似ていても重さに格段の開きがある。外見はどうあれ、中身が似ても似つかないものの喩え。また、ものごとが釣り合わないことの喩え。2. 一方が重い、即ち「片重い」で、片思いの洒落（しゃれ）としても使う。
322,朝令暮改（ちょうれいぼかい）,朝に命令を下し、その日の夕方に、それを翻（ひるがえ）すこと。命令や方針が頻繁に変わって一定せず、当てにならないこと。
323,塵も積もれば山となる（ちりもつもればやまとなる）,ごく僅（わず）かなものでも、数多く積み重なれば高大なものになるということの喩え。小事を疎（おろそ）かにするなという戒（いまし）めの意味を込めても使う。
324,月と鼈（つきとすっぽん）,月も鼈も丸いという点では似ているが、実際には非常な違いがある。二つのものが比較にならないほど違っていることの喩え。
325,月に叢雲、花に風（つきにむらくも、はなにかぜ）,好事には、兎角（とかく）差し障りが起こり易いものだということの喩え。
326,月夜に釜を抜かれる（つきよにかまをぬかれる）,明るい月夜に飯（めし）の入った釜を盗まれるということで、甚（はなは）だしい油断をすることの喩え。また、油断のために失敗することの喩え。
327,月夜に提灯（つきよにちょうちん）,1. 明るい月夜に提灯を灯（とも）すこと。無益・不必要なことの喩え。無駄・無意味なこと。2. 過ぎた贅沢（ぜいたく）や、無用の奢（おご）りの喩え。
328,土一升に金一升（つちいっしょうにかねいっしょう）,地価（＝土地の値段）が、非常に高いことの喩え。
329,角を矯めて牛を殺す（つのをためてうしをころす）,少しばかりの欠点を直そうとして、却（かえ）って全体を駄目にする。枝葉の事に関わって、肝心な本体を損（そこ）なうこと。
330,爪に火を灯す（つめにひをともす）,蝋燭（ろうそく）や油の代わりに爪に火を灯（とも）すという意味。非常にけちであることの喩え。または、度を越した倹約振り。
331,爪の垢を煎じて飲む（つめのあかをせんじてのむ）,優れた人の爪の垢を貰って薬として飲むという意味で、その人に肖（あやか）ろうとすること。
332,鶴の一声（つるのひとこえ）,衆人（しゅうじん）の千言（せんげん）を一言で鎮（しず）めるような、優れた者の一声。また、多くの人を否応（いやおう）なしに従わせる有力者や権威者の一言。
333,鶴は千年亀は万年（つるはせんねんかめはまんねん）,長寿でめでたいこと。寿命が長いこと。
334,聾の早耳（つんぼのはやみみ）,1. 耳の遠い人は、不都合なことには聞こえない振りをして、不必要なことや悪口を言われたときには良く聞こえるものである。2. 聞こえないのに聞こえた振りをして早合点すること。
335,庭訓（ていきん・ていくん）,1. 家庭内で我が子に教育すること。また、親が子に与える教訓。2. 「庭訓往来」の略。
336,亭主の好きな赤烏帽子（ていしゅのすきなあかえぼし）,主人が好むなら、どんな異様なものでも、どんな悪趣味なものでも、家族はその趣味に従わなければならないということの喩え。
337,泥中の蓮（でいちゅうのはちす）,泥の池の中にあっても清らかな花を開く蓮（はす）のこと。転じて、煩悩（ぼんのう）の汚（けが）れの中にあっても、染まらず清浄を保っている人の喩え。
338,敵は本能寺に在り（てきはほんのうじにあり）,本当の目的は、表面に掲（かか）げたものではなくて、実は別のところにあるということ。人々の目を欺（あざむ）いて、他の目的を狙（ねら）うこと。
339,梃子でも動かない（てこでもうごかない）,どのようなことをしても、その場から動かない。どのようなことがあっても、決意や信念を曲げない。
340,手鍋を提げる（てなべをさげる）,使用人を置かず、自分で煮炊（にた）きをするような、倹（つま）しい暮らしをする。貧しい生活をすることの喩え。
341,出る杭は打たれる（でるくいはうたれる）,1. 頭角を現す者は、兎角（とかく）他人から憎まれ、妨げられるものである。2. 出過ぎた振る舞いをする者は、人から責められ制裁を受ける。
342,天衣無縫（てんいむほう）,1. 天女（てんにょ）の着物に縫（ぬ）い目のような人工の跡がないこと。転じて、文章や詩歌にわざとらしい技巧の跡が見えず、ごく自然にできあがっていて、しかも完全で美しいこと。2. 人柄などが、飾り気がなくありのままである。純真（じゅんしん）である。
343,椽大の筆（てんだいのふで）,垂木（たるき）のような大きな筆という意味から、転じて、立派な文章のこと。堂々たる大文章。
344,天高く馬肥ゆる（てんたかくうまこゆる）,秋という季節は、空が澄み渡って高く晴れ、気候が良いので食欲も増進し馬もよく肥える。
345,天に唾する（てんにつばする）,他人を害しようとして、却（かえ）って自身が災（わざわ）いを招（まね）くことの喩え。
346,天馬空を行く（てんばくうをゆく）,天馬が空を駈けるように、着想や手腕が自由奔放なこと。
347,天は二物を与えず（てんはにぶつをあたえず）,一人の人間がいくつもの才能や素質を持っているものではないことを表したもの。
348,天は自ら助くる者を助く（てんはみずからたすくるものをたすく）,天は、他人の助けを借りないで自身で努力する者を助けて成功させる。
349,灯台下暗し（とうだいもとくらし）,「灯台」は、昔の室内照明具のこと。灯台のすぐ下は却（かえ）って光が届かず暗いことから、身近な事情に疎（うと）いこと。身近な事は、案外分かり難（にく）いものであるという喩え。
350,問うに落ちず語るに落つ（とうにおちずかたるにおつ）,問われると、用心して中々真実を語らないものであるが、何気なく語るときには、ふと真実を漏らしてしまうものだということ。
351,豆腐に鎹（とうふにかすがい）,意見をしてもまったく手応えがなく、効き目がないことの喩え。
352,東奔西走（とうほんせいそう）,東に西に奔走（ほんそう）すること。あちらこちらと駆け回ること。
353,桃李言わざれども下自ずから蹊を成す（とうりいわざれどもしたおのずからけいをなす）,桃や李（すもも）は何も言わないが、花の美しさに惹（ひ）かれて多くの人が集まってくるから、木の下には自然と道ができる。徳望のある人のところには、自（みずか）ら求めなくても、その徳を慕（した）って人が自然と集まって来ることの喩え。
354,登竜門（とうりゅうもん）,立身出世に繋（つな）がる難しい関門。難関。また、運命を決めるような大切な試験。
355,十日の菊（とおかのきく）,1. 菊の節供（陰暦９月９日）の翌日の菊のこと。菊の節供を過ぎたのに、仏壇などに飾られている菊。2. 転じて、時期に遅れて役に立たないことの喩え。
356,遠くの親類より近くの他人（とおくのしんるいよりちかくのたにん）,遠方にいる親類よりも、近隣（きんりん）に住む他人の方が、いざというときには頼（たよ）りになる。また、疎遠（そえん）な親類よりも親密な他人の方が却（かえ）って助けになるということ。
357,時は金なり（ときはかねなり）,英語のTime is moneyを直訳したもの。時間は貴重であり有効なものであるから、無駄に費やしてはいけない。時間の尊さを教えたベンジャミン・フランクリンの格言。
358,読書百遍意自ずから通ず（どくしょひゃっぺんいおのずからつうず）,1. 文意の通じないところのある書物も、百遍も繰り返して熟読すれば自然に明らかになる。乱読を戒（いまし）め、熟読が肝心であると説（と）いた言葉。2. 他人に頼る前に、先（ま）ず自分でしなさいということ。
359,毒を食らわば皿まで（どくをくらわばさらまで）,既に罪を犯してしまったのだから躊躇（ためら）わずに最後まで悪に徹しようという考え。また軽く、どうせここまでやったのなら最後まで遣り通そう、という使われ方もする。
360,毒を以って毒を制す（どくをもってどくをせいす）,悪性の病気を毒性の強い薬で治療するように、悪を除くために、悪を利用すること。悪人を退治するのに、悪人を使ってする。
361,所変われば品変わる（ところかわればしなかわる）,土地が違えば、それに従って風俗・習慣・言語などが違うものである。
362,年には勝てぬ（としにはかてぬ）,年を取ると、気力はあっても身体が言うことを聞かない。健康や体力が気力に伴（ともな）わない。
363,年寄りの冷や水（としよりのひやみず）,老人が冷水を浴びるという意味で、老人に不相応な危険な行為や、差し出た言動をすることの喩え。また、それを冷やかして言う言葉。
364,図南（となん）,鵬（おおとり）が南方に向かって翼を広げようとしているという意味で、大志を抱き、遠くの地で大事業を成そうとすること。
365,斗南の一人（となんのいちにん）,北斗星より南で第一の人。また、天下第一の賢人。
366,駑馬に鞭打つ（どばにむちうつ）,能力がない者に無理に力以上のことをさせるということで、自分を指して、能力はないが精一杯努めるつもりであることを謙遜していう言葉。
367,鳶が鷹を生む（とんびがたかをうむ）,平凡な親が優れた子を生むことの喩え。
368,飛ぶ鳥を落とす（とぶとりをおとす）,飛ぶ鳥さえ地上に落ちてくるほど、非常に権勢が盛んなことの喩え。　例：「あのＩＴ企業は飛ぶ鳥を落とす勢いだ」
369,虎の威を借る狐（とらのいをかるきつね）,他人の権勢に頼って威張る小人物の喩え。
370,虎は死して皮を残す（とらはししてかわをのこす）,虎は死後も皮となって珍重される。同様に、人はその死後に残した名誉や功績で評価される。死後に名誉・功績を残すべきである、ということの喩え。
371,鳥無き里の蝙蝠（とりなきさとのこうもり）,鳥がいない所では、空を飛べる蝙蝠が威張るという意味で、優れた者がいない所では、つまらない者が幅を利かすということの喩え。
372,泥棒を見て縄を綯う（どろぼうをみてなわをなう）,1. 事件が起こってから慌てて準備をしても間に合わない。時機に遅れては用をなさないことの喩え。2. 準備を怠（おこた）って行きあたりばったりにものごとを行なうこと。
373,どんぐりの背比べ（どんぐりのせいくらべ）,どんぐりはどれもずんぐりむっくりの形で大きな違いもなく背を比べても優劣がつきにくいことから、平凡なものばかりで優れたものが見当たらないことの例え。つまらない者同士が優劣を競い合うこと。
374,無い袖は振れない（ないそではふれない）,実際持っていないものは出しようがない。してやりたいと思っても、力がなくてどうにもならない。
375,泣いて馬謖を斬る（ないてばしょくをきる）,私情において忍びないが、全体の統制を保つために、たとえ愛する者でも止むを得ず処罰する。
376,長い物には巻かれろ（ながいものにはまかれろ）,目上の者や勢力ある者には、反抗しないで、我慢して従っていた方が得策である。
377,泣き面に蜂（なきつらにはち）,泣いている顔を蜂が刺すということで、不幸・不運の上に、更に悪いことが重なることの喩え。
378,泣く子と地頭には勝てぬ（なくことじとうにはかてぬ）,聞き分けがない子供や、横暴な地頭には従（したが）うほかにない。道理を尽くしても、理の通じない者には勝ち目がないということ。
379,情けは人の為ならず（なさけはひとのためならず）,情けを他人に掛けることは、単にその人のためではなく、それが巡（めぐ）り巡って、やがて自分にも善い報（むく）いが来るものだということ。人には親切にしなさいという教訓。
380,七重の膝を八重に折る（ななえのひざをやえにおる）,膝を幾重にも折り重ねるほど腰を低くするという意味で、丁寧な上にも更に丁寧に、懇願･謝罪する。
381,名は体を表わす（なはたいをあらわす）,名はそのままそのものの実体を示している。名（めい）と実（じつ）は相応じている。
382,怠け者の節句働き（なまけもののせっくばたらき）,普段怠（なま）けている者に限って、他人が休んでいる時に働くものである。
383,蛞蝓に塩（なめくじにしお）,塩を掛けられた蛞蝓が縮んでしまうように、苦手なものの前に出たりしたときに、すっかり萎縮してしまうことの喩え。
384,名を取るより実を取れ（なをとるよりじつをとれ）,実益を伴なわない、表面上の名声を得るより、実質的な利益を得る方が良い。
385,南柯の夢（なんかのゆめ）,夢のこと。また、儚（はかな）いことの喩え。
386,煮え湯を飲まされる（にえゆをのまされる）,信用して気を許していた者に裏切られて、酷（ひど）い目に遭う。
387,二階から目薬（にかいからめぐすり）,二階にいる人が階下の人に目薬を点（さ）そうとするということで、思うようにならずもどかしいこと。また、回り諄（くど）くて、効果が覚束（おぼつか）ないことの喩え。
388,逃がした魚は大きい（のがしたさかなはおおきい）,手に入れかけながら逃がしたものは、自分のものを失ったように思えて、惜しまれるものだ。取り逃がしたものは、それがどんなものでも、素晴らしいものだったように思えるということ。
389,苦虫を噛み潰す（にがむしをかみつぶす）,不愉快な表情の喩え。苦々（にがにが）しい気持ちである様子。また、いつも苦々しいげな顔付きをしていることや、そういう人の形容。
390,憎まれっ子世に憚る（にくまれっこよにはばかる）,人から憎まれるような者に限って、世間に出て幅を利（き）かせ、威勢を揮（ふる）うものである。
391,錦を衣て夜行くが如し（にしきをきてよるゆくがごとし）,立身しても故郷に帰らないということは、錦を着たのに誰にも見られないのと同じで、甲斐（かい）がないことである。
392,二豎（にじゅ）,「豎」は子供の意味で、ここでは、病因の変化（へんげ）である子鬼のこと。病魔。転じて、病気。疾病。
393,似たもの夫婦（にたものふうふ）,仲が良い夫婦は、性格や好みが互いに良く似るということ。また、そのような仲の良い夫婦。
394,二度あることは三度ある（にどあることはさんどある）,同じようなことが二度続けてあったときは、続けてもう一度起こるものである。物事は、往々にして繰り返されるものである。
395,二兎を追う者は一兎をも得ず（にとをおうものはいっともえず）,同時に二つの物事をしようとすると、二つとも成功しない。
396,女房は変えるほど悪くなる（にょうぼうはかえるほどわるくなる）,取りかえても前よりも良い条件の女房を得ることは難しくなることから、取りかえるたびに次第に悪いものをつかまされる場合があることのたとえ。
397,女房は質に置いても朝酒は止められぬ（にょうぼうはしちにおいてもあさざけはやめられぬ）,朝飲むお酒は特に美味しく感じられ止めることができないことから、女房を質屋に入れてお金を工面してでもお酒を買い朝から飲みたい酒好きな男の勝手な言いぐさを表している。
398,糠に釘（ぬかにくぎ）,柔らかい糠に釘を打つように、手応えがなく、効き目がないことの喩え。
399,盗人に追い銭（ぬすっとにおいせん）,盗人に物を盗まれた上に、更に銭（ぜに）を呉れてやるということで、損の上に損を重ねることの喩え。
400,濡れ手で粟（ぬれてであわ）,濡れた手で粟を掴（つか）むと、粟粒がたくさん付いてくるところから、骨を折らないで利益を得ること。少ない労力で得るもの多いこと。
401,猫に小判（ねこにこばん）,1. どんな貴重なものでも、その価値が分からない者に与えては、何の役にも立たない。 例：「年代もののワインも彼には猫に小判だ」 2. 高価なものを与えても、何の反応も効果もないことの喩え。 例：「クラブのお姉ちゃんに時計なんかあげても猫に小判だよ」
402,猫の手も借りたい（ねこのてもかりたい）,非常に忙しく、働き手が不足している様子の喩え。
403,猫を被る（ねこをかぶる）,1. 知っていながら知らない振りをする。2. 転じて、本性を隠して大人しそうに振る舞う。例：「彼氏の前では猫を被っている」
404,嚢中の錐（のうちゅうのきり）,袋の中に錐を入れると、自然に先が出てくる。同様に、才能ある人は、自然にそれが外に現われ出てくるということ。また、そのような人。
405,残り物には福がある（のこりものにはふくがある）,人が取り残して最後に残った物には、思わぬ利得がある。人に先を譲れば、却（かえ）って、自分に福徳があるものである。
406,喉元過ぎれば熱さを忘れる（のどもとすぎればあつさをわすれる）,熱いものも飲み込んでしまえば、熱かったことを忘れてしまうことから、苦しいことも、それが過ぎると簡単に忘れてしまうことの喩え。また、苦しいときに受けた恩を、楽になった途端に忘れてしまうことの喩え。
407,暖簾に腕押し（のれんにうでおし）,力を入れても少しも手応えがないこと。ものごとに張り合いがないことの喩え。
408,背水の陣（はいすいのじん）,陣立ての名。背後に河川や湖海などを控えて陣を布（し）くこと。退けば水に溺れるところから、味方に決死の覚悟で戦わせる陣立て。転じて、一歩も退くことのできない絶体絶命の気構えで事に当たること。
409,掃き溜めに鶴（はきだめにつる）,掃き溜めのような汚いところやつまらないところに、際立って優れたものがあること。また、そのもの。
410,破鏡（はきょう）,夫婦が離縁をすること。
411,白眼（はくがん）,白目で見ること。気に入らないものを見る冷たい目付き。
412,白玉楼（はくぎょくろう）,文人墨客が死後に行くというあの世にある楼閣。
413,白眉（はくび）,多人数、または、同種の物の中で最も優れている人や物。　例：「歴史小説の白眉」
414,破天荒（はてんこう）,1. 天地未開の混沌とした状態を切り拓（ひら）くこと。2. 転じて、今まで誰も行なえなかった事を成し遂げること。前例がないこと。
415,花は桜木人は武士（はなはさくらぎひとはぶし）,花ならば桜が優（すぐ）れており、人ならば武士が優れている。
416,花より団子（はなよりだんご）,風流よりは実利を取る。外観や容貌よりは実質を重んじる。虚栄（きょえい）や見栄（みえ）よりも、実益がある方を喜ぶこと。
417,早起きは三文の徳（はやおきはさんもんのとく）,早起きは健康に良い。また、早起きするとその分、何か良いことがあるものだということ。
418,腹も身の内（はらもみのうち）,腹も身体の一部なのだから、無茶な大食をすれば身体の調子を悪くする。暴飲暴食への戒め。
419,張子の虎（はりこのとら）,張子で虎の形を作って首が動くようにした玩具。転じて、首を振り動かす癖のある人や、虚勢を張る人を嘲って言う言葉。また、一々合点顔に首を振る人を軽蔑して言う場合にも使う。
420,引かれ者の小唄（ひかれもののこうた）,「引かれ者」が虚勢を張って鼻歌を歌うこと。転じて、敗者が平気を装って強がる様子。一般に、負け惜しみが強いこと。
421,髭の塵を払う（ひげのちりをはらう）,目上の者に媚び諂（へつら）う。
422,庇を貸して母屋を取られる（ひさしをかしておもやをとられる）,家の一部を貸したために結局その全部が奪い取られるという意味で、然程重要じゃない一部分を貸したのが元で、本拠まで占領されること。また、保護してやった恩を仇（あだ）で返されること。
423,尾生の信（びせいのしん）,命を賭しても約束を守ること。信義が固いこと。また、馬鹿正直で融通が利かない者の喩え。
424,顰に効う（ひそみにならう）,事の善し悪しを考えず、徒（いたずら）に人真似（まね）をする。また、人に倣って行動することを謙遜して使う。
425,人を呪わば穴二つ（ひとをのろわばあなふたつ）,ここでの「穴」は墓穴のこと。他人を呪って殺そうと墓穴を掘る者は、その報いで自分の墓穴も掘らなければならなくなる。人に害を与えれば、結局自分も同じように害を受けるものだということ。
426,髀肉之嘆（ひにくのたん）,功名を立てたり、技量・手腕を発揮したりする機会がなくて、徒（いたずら）に時を過ごす虚（むな）しさを嘆くこと。
427,火のないところに煙は立たぬ（ひのないところにけむりはたたぬ）,全く事実がない所には噂は立たない。噂が立つからには、必ず何らかの根拠がある筈だということ。
428,百聞は一見に如かず（ひゃくぶんはいっけんにしかず）,１００回聞くより、１回見る方が良く分かる。何度繰り返し聞いても、一度実際に見ることに及ばない。
429,瓢箪から駒（ひょうたんからこま）,1. 意外な所から意外な物が出ること。主に、冗談半分で言い出したことが事実となってしまう場合などに使う。2. 打ち消しの形を伴って、道理上絶対に起こり得ないこと。
430,瓢箪鯰（ひょうたんなまず）,1. ぬらぬらしてなかなか捕まえることが出来ないこと。2. 転じて、のらりくらりとして要領を得ない者のこと。
431,風声鶴唳（ふうせいかくれい）,風の音と鶴が鳴く声。敗残兵は風の音や鶴の鳴き声にも、敵かと思って怯えるということ。また、些細なことにもびくびくと怖じ気付くこと。
432,風前の灯し火（ふうぜんのともしび）,風が吹き当たる場所に置かれた灯し火のことで、今にも消えようとするものの喩え。危険に直面し、生命が今にも絶えようとしている状態。
433,笛吹けども踊らず（ふえふけどもおどらず）,人に何かをさせるつもりで、様々に手立てを整えて誘っても、相手が動かないこと。先に立って扇動しても、まったく応じず、動き出そうとしないこと。
434,覆水盆に反らず（ふくすいぼんにかえらず）,一度離別した夫婦の仲は元には戻らないということ。転じて、一度してしまったことは取り返しが付かないということ。
435,武士は食わねど高楊枝（ぶしはくわねどたかようじ）,武士は、仮令（たとえ）貧しさで物が食えなくても、満腹（まんぷく）を装（よそお）って楊枝を使うものだということ。武士は生活に窮（きゅう）しても不義や恥ずべきことを行なわない。また、武士の気位（きぐらい）の高さを喩えた言葉。
436,豚に真珠（ぶたにしんじゅ）,価値が分からない者には、どんなに貴重な物でも、何の役にも立たないということ。
437,舟に刻みて剣を求む（ふねにきざみてけんをもとむ）,ものごとに拘（こだわ）るばかりに、事態の変化に対応する力がないこと。融通が利かないこと。旧習をいつまでもいつまでも守る愚かさを戒める言葉。
438,武陵桃源（ぶりょうとうげん）,1. 武陵の漁夫が見付けたとされる架空の地「桃源」のこと。2. 転じて、別天地、理想郷のこと。
439,焚書坑儒（ふんしょこうじゅ）,書物を燃やし、儒者を坑する（穴埋めにする）こと。転じて、言論を統制して、学問や思想を弾圧すること。
440,臍が茶を沸かす（へそがちゃをわかす）,可笑（おか）しくて堪（たま）らない、また、馬鹿馬鹿しくてしかたがないということ。主に、嘲（あざけ）りの気持ちを込めて使う。例：「ちゃんちゃらおかしくて、臍が茶を沸かすぜ」
441,下手の考え休むに似たり（へたのかんがえやすむににたり）,下手な人（名案が浮かぶ筈のない人）がいくら考えても、時間を浪費するばかりでなんの効果もないということ。元々は、碁や将棋の対戦で、長考している者を嘲（あざけ）って言ったものらしい。
442,下手の横好き（へたのよこずき）,下手なくせに、好きで熱心である。
443,弁慶の立ち往生（べんけいのたちおうじょう）,進退が窮（きわ）まること。
444,弁慶の泣き所（べんけいのなきどころ）,1. 弁慶ほどの豪傑でも痛がって泣く急所という意味。向こう脛（ずね）のこと。 2. 転じて、急所、最も弱いところ。
445,望蜀（ぼうしょく）,既に隴（ろう）の国を得ているのにまた蜀の国をも望むという意味から、一つの望みを遂（と）げ、更にその上を望むこと。人の欲望というものは無限で、足ることを知らないこと。
446,坊主憎けりゃ袈裟まで憎い（ぼうずにくけりゃけさまでにくい）,ある人や物を憎むと、それに関係ある全てのものも憎く思われるということ。
447,墨守（ぼくしゅ）,城や領地などを頑固に守り通すこと。転じて、古い習慣や自説などを堅く守って変えないこと。例：「旧習を墨守する」
448,仏作って魂入れず（ほとけつくってたましいいれず）,努力して物事を殆ど成し遂げながら、最も肝要な一事が抜け落ちているということ。肝心な一点が抜けていたら、完成したとは言えない。
449,仏の顔も三度（ほとけのかおもさんど）,いかに慈悲深い仏様といえども、その顔を三度も撫でられれば腹を立てるという意味で、どんなに温厚な人でも、無法なことを何度もされれば、終（しま）いには怒る。
450,蒔かぬ種は生えぬ（まかぬたねははえぬ）,原因のない所に結果はない。何も働き掛けをしていないのに、良い報いを期待しても得られる道理がない。
451,馬子にも衣装（まごにもいしょう）,馬子のような身分が卑（いや）しい者でも、衣装によっては立派に見えるということ。つまらない者でも外面を飾れば立派に見えるものだということ。
452,眉毛を読まれる（まゆげをよまれる）,1. 化かされる。騙される。2. 眉や睫は自分のものでありながら、自分では数えられないということから、自分では気付かないで、他人に好いようにされる。他人から馬鹿にされる。
453,眉に唾を塗る（まゆにつばをぬる）,狐や狸などに化かされないようにするには眉に唾を付けなさいという教えから、欺（あざむ）かれないように用心すること。
454,眉に火が付く（まゆにひがつく）,危険が差し迫ること。状況が逼迫（ひっぱく）していること。
455,真綿で首を締める（まわたでくびをしめる）,真綿は細く柔らかいが切れ難（にく）いところから、遠回しにじわじわと責めたり痛め付けたりすること。
456,木乃伊取りが木乃伊になる（みいらとりがみいらになる）,ミイラを取りに行った人が、熱帯であるため乾燥して、うっかりすると自分までもミイラになってしまうというところから、人を連れ戻すために出掛けた者が、役目を果たさず、自分も先方に留まってしまうこと。また、意見しようとした者が、話しているうちに先方と同じ考えになってしまうこと。
457,身から出た錆（みからでたさび）,自分の行為の報いとてして禍災を蒙（こうむ）る。自分の悪行が元で、結果として自分が苦しむこと。
458,水と油（みずとあぶら）,二つのものがしっくりと調和しないこと。二人の性分（しょうぶん）が互いに合わないこと。
459,味噌を付ける（みそをつける）,1. 失敗する。しくじる。巧く行かなくなる。例：「あいつが味噌を付けた」2. 面目（めんぼく）を失う。醜態（しゅうたい）を曝（さら）す。例：「１つの失言が演説に味噌を付けた」
460,三日天下（みっかてんか）,明智光秀が天下を取った期間が短かったことを指して言う。転じて、極めて短い間しか権力や地位を保てないこと。
461,三日坊主（みっかぼうず）,1. 出家してはみたが、寺の修行のきつさに堪えられず、すぐに辞めてしまうということ。2. 転じて、飽き易くて、何をしても長続きしないこと。また、その人。
462,三つ子の魂百まで（みつごのたましいひゃくまで）,幼少時代の性格や性質は、年を取っても変わらないものだ。
463,耳を掩うて鐘を盗む（みみをおおうてかねをぬすむ）,1. 良心に反する行為をしていながら、強（し）いてそのことを考えないように努めること。小策を弄（ろう）して自分を欺（あざむ）くこと。 2. 自分では悪事を巧（うま）く隠し果（おお）せたと思っていても、世間の人は皆知っているということ。
464,六日の菖蒲（むいかのしょうぶ）,五月五日の端午の節供の翌日の菖蒲という意味で、転じて、時機に遅れて役に立たないもののこと。
465,昔取った杵柄（むかしとったきねづか）,1. 過去に鍛えた腕前。昔、修練して腕に覚えのある技量。2. 嘗（かつ）ては巧くこなすことが出来たこと。
466,矛盾（むじゅん）,ある人の言動や文脈などの前後が食い違っていて揃わないこと。辻褄（つじつま）が合わないこと。
467,娘一人に婿八人（むすめひとりにむこはちにん）,一人の娘に対して婿になりたいと願う者が多くいること。また、転じて、一つの物事に対して、希望者が非常にたくさんいること。
468,胸に一物（むねにいちもつ）,心の中に蟠（わだかま）りがあること。口にこそ出さないが、企（たくら）みや、密かに期するところがあること。
469,無理が通れば道理が引っ込む（むりがとおればどうりがひっこむ）,道理に反することが世の中に罷（まか）り通るようなことになれば、道理に適（かな）ったことが行われなくなってしまうということ。
470,目から鼻へ抜ける（めからはなへぬける）,1. 目と鼻は最も近いところにあることから、目から鼻へ抜けるように早いという意味で､利口で物事を理解するのが素早いこと。判断が素早いこと。2. 抜け目がなく､やる事が敏捷（びんしょう）であること。
471,目屎鼻屎を笑う（めくそはなくそをわらう）,目屎が鼻屎を汚いと嘲笑（あざわら）うという意味で、自分の欠点に気付かないで、または自分の欠点を棚に上げて、他人の欠点を嘲笑うこと。
472,盲蛇に怖じず（めくらへびにおじず）,物の恐ろしさを知らない者は、向こう見ずなことをするということの喩え。
473,目には目、歯には歯（めにはめ、はにはは）,自分が受けた害に対して、同様な方法で仕返しをすること。
474,目の上の瘤（めのうえのこぶ）,自分よりも力が上で、何かと目障（めざわ）りで、邪魔になる者。また、単に、邪魔者。
475,目は口ほどに物を言う（めはくちほどにものをいう）,情が篭もった目付きは、口で話すのと同じ程度に気持ちを相手に伝える。目付きは、口で話すのと同じくらいの力を持つものである。
476,孟母三遷の教え（もうぼさんせんのおしえ）,孟子の母は、子供の教育に適した環境を選んで居所を三度引っ越したという故事。
477,餅は餅屋（もちはもちや）,餅は餅屋の搗（つ）いたものが一番美味いという意味で、その道のことは、やはり専門の者に任せるのが良策であるということ。
478,沐猴にして冠す（もっこうにしてかんす）,猿に冠を被せるという意味で、外見は立派でも内実がそれに伴っていない人物のこと。小人物が相応（ふさわ）しくない立場に在ること。
479,本木に勝る末木なし（もときにまさるうらきなし）,1. 幾度取り替えてみても、やはり最初に関係のあったものが最も優れている。2. 多く男女関係に付いて言い、前夫・先妻や最初に情交した相手などが、良かったというときに使う。
480,元の鞘に納まる（もとのさやにおさまる）,仲違（たが）いしていた人たちが元の関係に戻る。離縁した夫婦が復縁する。
481,元の木阿弥（もとのもくあみ）,手を加えた甲斐があって一旦良くなったものが、再び元のつまらない状態に戻ってしまうこと。折角（せっかく）の苦労や努力が無駄になること。
482,桃栗三年柿八年（ももくりさんねんかきはちねん）,桃と栗は芽生えてから三年、柿は八年で実を結ぶということ。1. 何事も、成就（じょうじゅ）するまでに相応の年月が掛かること。2. じっと待っていれば、やがて良い思いができることの喩え。
483,焼け石に水（やけいしにみず）,熱く焼けた石に少しばかりの水を掛けても一向に冷めないように、援助（えんじょ）や努力の力が僅（わず）かで、効果が上がらないことの喩え。
484,焼け野の雉子夜の鶴（やけののきぎすよるのつる）,親が子を思う情がとても深いことの喩え。雉は巣を営んでいる野を焼かれると、我が身を忘れて子を救おうと巣に戻り、巣篭もる鶴は霜が降りる寒い夜、自分の翼で子を覆うというところから。
485,安物買いの銭失い（やすものがいのぜにうしない）,安物は品質が悪く長持ちがしないので、買い直さなくてはならず、却（かえ）って高いものに付く。
486,柳に雪折れなし（やなぎにゆきおれなし）,柳の枝はよく撓（しな）うので雪が積もっても折れることがない。柔軟なものは弱々しく見えるが、却（かえ）って堅強なものより良く苦難に耐えるということの喩え。
487,柳の下にいるも泥鰌はおらぬ（やなぎのしたにいるもどじょうはおらぬ）,柳の木の下で一度泥鰌を捕らえたことがあったとしても、いつもそこに泥鰌がいるとは限らない。一度まぐれ当たりの幸運を得たからといって、再度同じ方法で幸運が得られると思うのは間違いである。偶然の幸運は何度もあるものではないということの喩え。
488,藪から棒（やぶからぼう）,「藪から棒を突き出す」の略。物事の仕方が出し抜けなことの喩え。唐突である様子。前触れや前置きがないこと。
489,藪を突突いて蛇を出す（やぶをつついてへびをだす）,不必要な事をしたために、危険な目に遭ったり、災いを受けたりすることの喩え。
490,病膏肓に入る（やまいこうこうにいる）,1. 不治の病気に罹（かか）る。また、病気が重くなって治る見込みがなくなる。2. ある物事に極端に熱中して、抜け出せなくなる。
491,病は気から（やまいはきから）,病気は、気の持ち方一つで、重くもなるし軽くもなるということ。
492,山高きが故に尊からず（やまたかきがゆえにとうとからず）,どんなに見掛けが良くても、内容が伴わなければ立派なものではない。外観よりも実質が大切であることの喩え。また、見掛けだけで判断してはならないという戒（いまし）め。
493,闇夜の鉄砲（やみよのてっぽう）,目標が定まっていないこと。また、やっても効果がないこと、意味がないことの喩え。
494,雪と墨（ゆきとすみ）,二つの物が正反対であることの喩え。また、二つの物事の相違が甚（はなは）だしいことの喩え。
495,雪に白鷺（ゆきにしらさぎ）,雪も白鷺も白色であるところから、見分け難いこと、また、目立たないことの喩え。
496,油断大敵（ゆだんたいてき）,油断は失敗の原因であるから、何よりも恐ろしい敵であるということ。
497,欲に目が眩む（よくにめがくらむ）,欲望のために、正常の判断力を失なって判断を誤まる。
498,弱り目に祟り目（よわりめにたたりめ）,困った時に重ねて不運に遭うこと。不運の上に不運が重なること。
499,楽は苦の種、苦は楽の種（らくはくのたね、くはらくのたね）,苦は楽を、楽は苦をそれぞれそのうちに含み持っているということ。楽をすると後で苦を味わわなくてはならず、苦を忍べば後で楽ができる。今の苦労は、将来の楽に繋（つな）がるのだから耐え忍ばなければいけない。
500,洛陽の紙価を高む（らくようのしかをたかむ）,著書が持て囃（はや）され、良く売れることの喩え。
501,律義者の子沢山（りちぎもののこだくさん）,律義者は遊蕩（ゆうとう）に耽（ふけ）らず、夫婦仲も良いので、自（おの）ずから子供が多く生まれる。
502,梁上の君子（りょうじょうのくんし）,1. 家の梁の上に潜（ひそ）む者。盗賊。盗人（ぬすっと）。2. 転じて、鼠（ねずみ）。
503,両手に花（りょうてにはな）,二つの良品を同時に手に入れること。また、一人の男が左右に美人を侍（はべ）らせることの喩え。
504,遼東の豕（りょうとうのいのこ）,見聞が狭いため、ごく当たり前のことを、特異なことと思い込んで得意になること。
505,良薬は口に苦し（りょうやくはくちににがし）,1. 良い薬は苦くて飲み難（にく）いが、病気のためには優れた効き目がある。2. 忠言や諫言は聞くのが辛いが、自分のためになることの喩え。
506,類は友を呼ぶ（るいはともをよぶ）,似たような傾向を持つ者は、自然に寄り集まるものである。また、気が合うものは自（おの）ずから集まるものである。
507,例によって例の如し（れいによってれいのごとし）,いつもどおりで変わったところのないさま。相変わらずのこと。
508,壟断（ろうだん）,1. 高い岡が断ち切れたところ。2. 利益を独り占めにすること。「壟」は岡の意味。　
509,隴を得て蜀を望む（ろうをえてしょくをのぞむ）,一つの望みを遂げて、更にその上を望むことの喩え。欲望には限りがないことの喩え。
510,論語読みの論語知らず（ろんごよみのろんごしらず）,書物に書いてあることを理解するだけで、実行が伴わない者を嘲（あざけ）っていう言葉。
511,渡りに船（わたりにふね）,必要なものや望ましい状態が、丁度都合良く得られる。
512,渡る世間に鬼はない（わたるせけんにおにはない）,この世の中には、無慈悲な者ばかりではなく、人情に厚い人がどこにも必ずいるということ。
513,笑う門には福来たる（わらうかどにはふくきたる）,いつも笑い声が満ち、和気藹々（あいあい）とした家には、自然と幸福が巡ってくるものである。
